{
  "project_info": {
    "project_number": "285192384816",
    "firebase_url": "https://aplicacionmuseo-b7cf6.firebaseio.com",
    "project_id": "aplicacionmuseo-b7cf6",
    "storage_bucket": "aplicacionmuseo-b7cf6.appspot.com"
  },
  "client": [
    {
      "client_info": {
        "mobilesdk_app_id": "1:285192384816:android:3dcf6765d7e8e5bd",
        "android_client_info": {
          "package_name": "com.example.antonio.aplicacionmuseo"
        }
      },
      "oauth_client": [
        {
          "client_id": "285192384816-1ltpa0p5e76o61um90k9rprtsch3blg0.apps.googleusercontent.com",
          "client_type": 3
        }
      ],
      "api_key": [
        {
          "current_key": "AIzaSyCyH0nIaUjC6lLAAyVhr61x9XbW-9ue8kw"
        }
      ],
      "services": {
        "analytics_service": {
          "status": 1
        },
        "appinvite_service": {
          "status": 1,
          "other_platform_oauth_client": []
        },
        "ads_service": {
          "status": 2
        }
      }
    }
  ],
  "configuration_version": "1"
}